テストイメージ1,1280,1707,test_img_1_h.jpg,#399ce0
テストイメージ2,1280,1707,test_img_2_h.jpg,#950bcf
テストイメージ3,1280,1707,test_img_3_h.jpg,#c6531b
テストイメージ4,1280,1707,test_img_4_h.jpg,#dade15
テストイメージ5,1280,1707,test_img_5_h.jpg,#399ce1
テストイメージ6,1280,1707,test_img_6_h.jpg,#950bcf
テストイメージ7,1280,1707,test_img_7_h.jpg,#c6531b
テストイメージ8,1280,1707,test_img_8_h.jpg,#dade16
テストイメージ9,1280,1707,test_img_9_h.jpg,#399ce2
テストイメージ10,1280,1707,test_img_10_h.jpg,#950bcf
テストイメージ11,1280,1707,test_img_11_h.jpg,#c6531b
テストイメージ12,1280,1707,test_img_12_h.jpg,#dade17
テストイメージ13,1707,1280,test_img_13_w.jpg,#399ce3
テストイメージ14,1707,1280,test_img_14_w.jpg,#950bcf
テストイメージ15,1707,1280,test_img_15_w.jpg,#c6531b
テストイメージ16,1707,1280,test_img_16_w.jpg,#dade18
テストイメージ17,1707,1280,test_img_17_w.jpg,#399ce4
テストイメージ18,1707,1280,test_img_18_w.jpg,#950bcf
テストイメージ19,1707,1280,test_img_19_w.jpg,#c6531b
テストイメージ20,1707,1280,test_img_20_w.jpg,#dade19
テストイメージ21,1707,1280,test_img_21_w.jpg,#399ce5
テストイメージ22,1707,1280,test_img_22_w.jpg,#950bcf
テストイメージ23,1707,1280,test_img_23_w.jpg,#c6531b
テストイメージ24,1707,1280,test_img_24_w.jpg,#dade20
テストイメージ25,1707,1280,test_img_25_w.jpg,#399ce6